county_id,name,state_id,population
1,Autauga,1,59759
2,Baldwin,1,246435
3,Barbour,1,24706
4,Bibb,1,22005
5,Blount,1,59512
6,Bullock,1,10202
7,Butler,1,18650
8,Calhoun,1,115788
9,Chambers,1,34088
10,Cherokee,1,25302
11,Chilton,1,45884
12,Choctaw,1,12439
13,Clarke,1,22515
14,Clay,1,14198
15,Cleburne,1,15346
16,Coffee,1,54805
17,Colbert,1,58033
18,Conecuh,1,11206
19,Coosa,1,10166
20,Covington,1,37602
21,Crenshaw,1,13025
22,Cullman,1,90665
23,Dale,1,49544
24,Dallas,1,36767
25,DeKalb,1,71998
26,Elmore,1,89563
27,Escambia,1,36666
28,Etowah,1,103088
29,Fayette,1,16118
30,Franklin,1,31932
31,Geneva,1,26783
32,Greene,1,7422
33,Hale,1,14595
34,Henry,1,17655
35,Houston,1,108079
36,Jackson,1,52891
37,Jefferson,1,665409
38,Lamar,1,13705
39,Lauderdale,1,95878
40,Lawrence,1,33214
41,Lee,1,180773
42,Limestone,1,110900
43,Lowndes,1,9777
44,Macon,1,18516
45,Madison,1,403565
46,Marengo,1,18745
47,Marion,1,29156
48,Marshall,1,99423
49,Mobile,1,411411
50,Monroe,1,19404
51,Montgomery,1,226361
52,Morgan,1,124211
53,Perry,1,8035
54,Pickens,1,18697
55,Pike,1,33014
56,Randolph,1,22479
57,Russell,1,58555
58,St Clair,1,93932
59,Shelby,1,230115
60,Sumter,1,11853
61,Talladega,1,80704
62,Tallapoosa,1,40977
63,Tuscaloosa,1,236780
64,Walker,1,64339
65,Washington,1,15122
66,Wilcox,1,10059
67,Winston,1,23755
68,Aleutians East Borough,2,3398
69,Aleutians West Census Area,2,5122
70,Anchorage Municipality,2,287145
71,Bethel Census Area,2,18257
72,Bristol Bay Borough,2,865
73,Chugach Census Area,2,6874
74,Copper River Census Area,2,2589
75,Denali Borough,2,1585
76,Dillingham Census Area,2,4723
77,Fairbanks North Star Borough,2,95356
78,Haines Borough,2,2056
79,Hoonah-Angoon Census Area,2,2287
80,Juneau City and Borough,2,31685
81,Kenai Peninsula Borough,2,60690
82,Ketchikan Gateway Borough,2,13741
83,Kodiak Island Borough,2,12720
84,Kusilvak Census Area,2,8278
85,Lake and Peninsula Borough,2,1381
86,Matanuska-Susitna Borough,2,113325
87,Nome Census Area,2,9835
88,North Slope Borough,2,10805
89,Northwest Arctic Borough,2,7423
90,Petersburg Borough,2,3360
91,Prince of Wales-Hyder Census Area,2,5650
92,Sitka City and Borough,2,8382
93,Skagway Municipality,2,1081
94,Southeast Fairbanks Census Area,2,7021
95,Wrangell City and Borough,2,2070
96,Yakutat City and Borough,2,700
97,Yukon-Koyukuk Census Area,2,5179
98,Apache,3,65432
99,Cochise,3,125663
100,Coconino,3,144060
101,Gila,3,53922
102,Graham,3,38779
103,Greenlee,3,9302
104,La Paz,3,16506
105,Maricopa,3,4551524
106,Mohave,3,220816
107,Navajo,3,108650
108,Pima,3,1057597
109,Pinal,3,464154
110,Santa Cruz,3,48759
111,Yavapai,3,246191
112,Yuma,3,207842
113,Arkansas,4,16512
114,Ashley,4,18354
115,Baxter,4,42435
116,Benton,4,302863
117,Boone,4,38284
118,Bradley,4,10135
119,Calhoun,4,4695
120,Carroll,4,28742
121,Chicot,4,9873
122,Clark,4,21250
123,Clay,4,14265
124,Cleburne,4,25284
125,Cleveland,4,7467
126,Columbia,4,22216
127,Conway,4,21046
128,Craighead,4,113017
129,Crawford,4,61075
130,Crittenden,4,47061
131,Cross,4,16601
132,Dallas,4,6191
133,Desha,4,10771
134,Drew,4,16911
135,Faulkner,4,127665
136,Franklin,4,17271
137,Fulton,4,12382
138,Garland,4,100089
139,Grant,4,18160
140,Greene,4,46448
141,Hempstead,4,19453
142,Hot Spring,4,33203
143,Howard,4,12557
144,Independence,4,37945
145,Izard,4,14048
146,Jackson,4,16624
147,Jefferson,4,64246
148,Johnson,4,26001
149,Lafayette,4,6101
150,Lawrence,4,16205
151,Lee,4,8364
152,Lincoln,4,12916
153,Little River,4,11821
154,Logan,4,21253
155,Lonoke,4,75225
156,Madison,4,17486
157,Marion,4,17254
158,Miller,4,42552
159,Mississippi,4,38896
160,Monroe,4,6564
161,Montgomery,4,8556
162,Nevada,4,8181
163,Newton,4,7078
164,Ouachita,4,22049
165,Perry,4,10063
166,Phillips,4,15304
167,Pike,4,10179
168,Poinsett,4,22495
169,Polk,4,19337
170,Pope,4,64065
171,Prairie,4,8069
172,Pulaski,4,399145
173,Randolph,4,18837
174,St Francis,4,22451
175,Saline,4,127357
176,Scott,4,9805
177,Searcy,4,7918
178,Sebastian,4,129059
179,Sevier,4,15686
180,Sharp,4,17810
181,Stone,4,12575
182,Union,4,37752
183,Van Buren,4,16102
184,Washington,4,256054
185,White,4,77755
186,Woodruff,4,6049
187,Yell,4,20129
188,Alameda,5,1628997
189,Alpine,5,1190
190,Amador,5,41412
191,Butte,5,207303
192,Calaveras,5,46563
193,Colusa,5,21914
194,Contra Costa,5,1156966
195,Del Norte,5,27082
196,El Dorado,5,192646
197,Fresno,5,1015190
198,Glenn,5,28339
199,Humboldt,5,135010
200,Imperial,5,178713
201,Inyo,5,18718
202,Kern,5,916108
203,Kings,5,152981
204,Lake,5,68191
205,Lassen,5,29904
206,Los Angeles,5,9721138
207,Madera,5,160256
208,Marin,5,256018
209,Mariposa,5,17020
210,Mendocino,5,89783
211,Merced,5,290014
212,Modoc,5,8511
213,Mono,5,12978
214,Monterey,5,432858
215,Napa,5,134300
216,Nevada,5,102293
217,Orange,5,3151184
218,Placer,5,417772
219,Plumas,5,19351
220,Riverside,5,2473902
221,Sacramento,5,1584169
222,San Benito,5,67579
223,San Bernardino,5,2193656
224,San Diego,5,3276208
225,San Francisco,5,808437
226,San Joaquin,5,793229
227,San Luis Obispo,5,282013
228,San Mateo,5,729181
229,Santa Barbara,5,443837
230,Santa Clara,5,1870945
231,Santa Cruz,5,264370
232,Shasta,5,180930
233,Sierra,5,3217
234,Siskiyou,5,43660
235,Solano,5,448747
236,Sonoma,5,482650
237,Stanislaus,5,551275
238,Sutter,5,98503
239,Tehama,5,65245
240,Trinity,5,15781
241,Tulare,5,477544
242,Tuolumne,5,54531
243,Ventura,5,832605
244,Yolo,5,222115
245,Yuba,5,84310
246,Adams,6,527575
247,Alamosa,6,16592
248,Arapahoe,6,655808
249,Archuleta,6,14003
250,Baca,6,3432
251,Bent,6,5399
252,Boulder,6,327468
253,Broomfield,6,76121
254,Chaffee,6,20223
255,Cheyenne,6,1732
256,Clear Creek,6,9355
257,Conejos,6,7579
258,Costilla,6,3603
259,Crowley,6,5614
260,Custer,6,5335
261,Delta,6,31602
262,Denver,6,713252
263,Dolores,6,2455
264,Douglas,6,375988
265,Eagle,6,55285
266,Elbert,6,27799
267,El Paso,6,740567
268,Fremont,6,49621
269,Garfield,6,62271
270,Gilpin,6,5891
271,Grand,6,15769
272,Gunnison,6,17267
273,Hinsdale,6,775
274,Huerfano,6,7082
275,Jackson,6,1302
276,Jefferson,6,576143
277,Kiowa,6,1424
278,Kit Carson,6,6961
279,Lake,6,7327
280,La Plata,6,56607
281,Larimer,6,366778
282,Las Animas,6,14327
283,Lincoln,6,5510
284,Logan,6,20823
285,Mesa,6,158636
286,Mineral,6,931
287,Moffat,6,13177
288,Montezuma,6,26468
289,Montrose,6,43811
290,Morgan,6,29239
291,Otero,6,18303
292,Ouray,6,5100
293,Park,6,17939
294,Phillips,6,4449
295,Pitkin,6,16876
296,Prowers,6,11854
297,Pueblo,6,169544
298,Rio Blanco,6,6569
299,Rio Grande,6,11325
300,Routt,6,25007
301,Saguache,6,6623
302,San Juan,6,803
303,San Miguel,6,8003
304,Sedgwick,6,2295
305,Summit,6,30565
306,Teller,6,24857
307,Washington,6,4812
308,Weld,6,350176
309,Yuma,6,9899
310,Capitol Planning Region,7,981447
311,Greater Bridgeport Planning Region,7,327286
312,Lower Connecticut River Valley Planning Region,7,176622
313,Naugatuck Valley Planning Region,7,454083
314,Northeastern Connecticut Planning Region,7,96196
315,Northwest Hills Planning Region,7,113234
316,South Central Connecticut Planning Region,7,573244
317,Southeastern Connecticut Planning Region,7,280403
318,Western Connecticut Planning Region,7,623690
319,Kent,8,186946
320,New Castle,8,575494
321,Sussex,8,255956
322,District of Columbia,9,671803
323,Alachua,10,284030
324,Baker,10,27803
325,Bay,10,185134
326,Bradford,10,27313
327,Brevard,10,630693
328,Broward,10,1947026
329,Calhoun,10,13464
330,Charlotte,10,202661
331,Citrus,10,162529
332,Clay,10,226589
333,Collier,10,397994
334,Columbia,10,71908
335,DeSoto,10,35312
336,Dixie,10,17124
337,Duval,10,1016536
338,Escambia,10,324878
339,Flagler,10,126705
340,Franklin,10,12498
341,Gadsden,10,43403
342,Gilchrist,10,18992
343,Glades,10,12454
344,Gulf,10,15314
345,Hamilton,10,13217
346,Hardee,10,25645
347,Hendry,10,41339
348,Hernando,10,206896
349,Highlands,10,105618
350,Hillsborough,10,1513301
351,Holmes,10,19651
352,Indian River,10,167352
353,Jackson,10,48211
354,Jefferson,10,15042
355,Lafayette,10,7786
356,Lake,10,410139
357,Lee,10,822453
358,Leon,10,297369
359,Levy,10,45260
360,Liberty,10,7603
361,Madison,10,18198
362,Manatee,10,429125
363,Marion,10,396415
364,Martin,10,162006
365,Miami-Dade,10,2673837
366,Monroe,10,81708
367,Nassau,10,97899
368,Okaloosa,10,216482
369,Okeechobee,10,40412
370,Orange,10,1452726
371,Osceola,10,422545
372,Palm Beach,10,1518477
373,Pasco,10,608794
374,Pinellas,10,961739
375,Polk,10,787404
376,Putnam,10,74731
377,St Johns,10,306841
378,St Lucie,10,358704
379,Santa Rosa,10,198268
380,Sarasota,10,462286
381,Seminole,10,478772
382,Sumter,10,144970
383,Suwannee,10,45411
384,Taylor,10,21283
385,Union,10,15460
386,Volusia,10,579192
387,Wakulla,10,35178
388,Walton,10,83304
389,Washington,10,25414
390,Appling,11,18428
391,Atkinson,11,8183
392,Bacon,11,11191
393,Baker,11,2788
394,Baldwin,11,43635
395,Banks,11,19328
396,Barrow,11,89299
397,Bartow,11,112816
398,Ben Hill,11,17069
399,Berrien,11,18214
400,Bibb,11,156197
401,Bleckley,11,12257
402,Brantley,11,18183
403,Brooks,11,16253
404,Bryan,11,48225
405,Bulloch,11,83059
406,Burke,11,24388
407,Butts,11,26649
408,Calhoun,11,5469
409,Camden,11,57013
410,Candler,11,11000
411,Carroll,11,124592
412,Catoosa,11,68826
413,Charlton,11,12781
414,Chatham,11,301107
415,Chattahoochee,11,8819
416,Chattooga,11,24936
417,Cherokee,11,281278
418,Clarke,11,129875
419,Clay,11,2845
420,Clayton,11,296564
421,Clinch,11,6662
422,Cobb,11,771952
423,Coffee,11,43172
424,Colquitt,11,45762
425,Columbia,11,162419
426,Cook,11,17404
427,Coweta,11,152882
428,Crawford,11,12140
429,Crisp,11,19708
430,Dade,11,16081
431,Dawson,11,30138
432,Decatur,11,28982
433,DeKalb,11,762820
434,Dodge,11,19802
435,Dooly,11,10572
436,Dougherty,11,82966
437,Douglas,11,147316
438,Early,11,10574
439,Echols,11,3686
440,Effingham,11,69041
441,Elbert,11,19814
442,Emanuel,11,22929
443,Evans,11,10695
444,Fannin,11,25737
445,Fayette,11,122030
446,Floyd,11,99443
447,Forsyth,11,267237
448,Franklin,11,24128
449,Fulton,11,1074634
450,Gilmer,11,32407
451,Glascock,11,2939
452,Glynn,11,85079
453,Gordon,11,58954
454,Grady,11,26008
455,Greene,11,20139
456,Gwinnett,11,975353
457,Habersham,11,47475
458,Hall,11,212692
459,Hancock,11,8387
460,Haralson,11,31337
461,Harris,11,36276
462,Hart,11,26909
463,Heard,11,11725
464,Henry,11,248364
465,Houston,11,169631
466,Irwin,11,9126
467,Jackson,11,83936
468,Jasper,11,15951
469,Jeff Davis,11,14889
470,Jefferson,11,15314
471,Jenkins,11,8689
472,Johnson,11,9242
473,Jones,11,28472
474,Lamar,11,19467
475,Lanier,11,10171
476,Laurens,11,49660
477,Lee,11,33642
478,Liberty,11,68030
479,Lincoln,11,7841
480,Long,11,18348
481,Lowndes,11,119739
482,Lumpkin,11,34796
483,McDuffie,11,21713
484,McIntosh,11,11180
485,Macon,11,11765
486,Madison,11,31473
487,Marion,11,7449
488,Meriwether,11,20845
489,Miller,11,5807
490,Mitchell,11,21116
491,Monroe,11,29427
492,Montgomery,11,8655
493,Morgan,11,21031
494,Murray,11,40472
495,Muscogee,11,202616
496,Newton,11,117621
497,Oconee,11,43588
498,Oglethorpe,11,15469
499,Paulding,11,178421
500,Peach,11,28562
501,Pickens,11,34826
502,Pierce,11,20168
503,Pike,11,19990
504,Polk,11,43709
505,Pulaski,11,9984
506,Putnam,11,22984
507,Quitman,11,2249
508,Rabun,11,17206
509,Randolph,11,6116
510,Richmond,11,206640
511,Rockdale,11,94984
512,Schley,11,4496
513,Screven,11,13977
514,Seminole,11,9127
515,Spalding,11,68919
516,Stephens,11,26767
517,Stewart,11,4648
518,Sumter,11,28877
519,Talbot,11,5747
520,Taliaferro,11,1600
521,Tattnall,11,24064
522,Taylor,11,7737
523,Telfair,11,12354
524,Terrell,11,8754
525,Thomas,11,45561
526,Tift,11,41412
527,Toombs,11,26837
528,Towns,11,12972
529,Treutlen,11,6365
530,Troup,11,70191
531,Turner,11,8842
532,Twiggs,11,7680
533,Union,11,26388
534,Upson,11,28086
535,Walker,11,68915
536,Walton,11,103065
537,Ware,11,35614
538,Warren,11,5155
539,Washington,11,19738
540,Wayne,11,30896
541,Webster,11,2328
542,Wheeler,11,7314
543,White,11,28806
544,Whitfield,11,103132
545,Wilcox,11,8761
546,Wilkes,11,9599
547,Wilkinson,11,8681
548,Worth,11,20424
549,Hawaii,12,206315
550,Honolulu,12,995638
551,Kalawao,12,82
552,Kauai,12,73810
553,Maui,12,164351
554,Ada,13,518907
555,Adams,13,4817
556,Bannock,13,89517
557,Bear Lake,13,6722
558,Benewah,13,10370
559,Bingham,13,49923
560,Blaine,13,24866
561,Boise,13,8333
562,Bonner,13,51414
563,Bonneville,13,129496
564,Boundary,13,13345
565,Butte,13,2684
566,Camas,13,1153
567,Canyon,13,251065
568,Caribou,13,7190
569,Cassia,13,25655
570,Clark,13,806
571,Clearwater,13,9015
572,Custer,13,4506
573,Elmore,13,29403
574,Franklin,13,15189
575,Fremont,13,13978
576,Gem,13,20418
577,Gooding,13,15715
578,Idaho,13,17593
579,Jefferson,13,33428
580,Jerome,13,25311
581,Kootenai,13,183578
582,Latah,13,40978
583,Lemhi,13,8240
584,Lewis,13,3763
585,Lincoln,13,5329
586,Madison,13,54976
587,Minidoka,13,22194
588,Nez Perce,13,43004
589,Oneida,13,4712
590,Owyhee,13,12613
591,Payette,13,26956
592,Power,13,8068
593,Shoshone,13,14012
594,Teton,13,12544
595,Twin Falls,13,93696
596,Valley,13,12464
597,Washington,13,11087
598,Adams,14,64725
599,Alexander,14,4858
600,Bond,14,16566
601,Boone,14,53154
602,Brown,14,6330
603,Bureau,14,32828
604,Calhoun,14,4360
605,Carroll,14,15529
606,Cass,14,12657
607,Champaign,14,206542
608,Christian,14,33436
609,Clark,14,15229
610,Clay,14,13047
611,Clinton,14,36909
612,Coles,14,46334
613,Cook,14,5109292
614,Crawford,14,18536
615,Cumberland,14,10324
616,DeKalb,14,100232
617,De Witt,14,15310
618,Douglas,14,19755
619,DuPage,14,920901
620,Edgar,14,16433
621,Edwards,14,6071
622,Effingham,14,34325
623,Fayette,14,21305
624,Ford,14,13249
625,Franklin,14,37242
626,Fulton,14,33021
627,Gallatin,14,4855
628,Greene,14,11651
629,Grundy,14,53041
630,Hamilton,14,7984
631,Hancock,14,17244
632,Hardin,14,3597
633,Henderson,14,6151
634,Henry,14,48419
635,Iroquois,14,26473
636,Jackson,14,52617
637,Jasper,14,9212
638,Jefferson,14,36400
639,Jersey,14,21246
640,Jo Daviess,14,21758
641,Johnson,14,13381
642,Kane,14,514182
643,Kankakee,14,106074
644,Kendall,14,137254
645,Knox,14,48640
646,Lake,14,709150
647,LaSalle,14,108078
648,Lawrence,14,14914
649,Lee,14,33848
650,Livingston,14,35521
651,Logan,14,27591
652,McDonough,14,26861
653,McHenry,14,311747
654,McLean,14,171141
655,Macon,14,101483
656,Macoupin,14,44245
657,Madison,14,263864
658,Marion,14,36914
659,Marshall,14,11678
660,Mason,14,12748
661,Massac,14,13896
662,Menard,14,12121
663,Mercer,14,15504
664,Monroe,14,35033
665,Montgomery,14,28020
666,Morgan,14,32209
667,Moultrie,14,14323
668,Ogle,14,51351
669,Peoria,14,178383
670,Perry,14,20588
671,Piatt,14,16723
672,Pike,14,14484
673,Pope,14,3770
674,Pulaski,14,4991
675,Putnam,14,5572
676,Randolph,14,30068
677,Richland,14,15435
678,Rock Island,14,141527
679,St Clair,14,252671
680,Saline,14,23087
681,Sangamon,14,194534
682,Schuyler,14,6746
683,Scott,14,4790
684,Shelby,14,20761
685,Stark,14,5345
686,Stephenson,14,43627
687,Tazewell,14,129911
688,Union,14,16767
689,Vermilion,14,72337
690,Wabash,14,11087
691,Warren,14,16354
692,Washington,14,13643
693,Wayne,14,15872
694,White,14,13614
695,Whiteside,14,54658
696,Will,14,696757
697,Williamson,14,66695
698,Winnebago,14,282188
699,Woodford,14,38128
700,Adams,15,36068
701,Allen,15,391449
702,Bartholomew,15,83540
703,Benton,15,8719
704,Blackford,15,11919
705,Boone,15,74164
706,Brown,15,15570
707,Carroll,15,20555
708,Cass,15,37540
709,Clark,15,124237
710,Clay,15,26379
711,Clinton,15,32843
712,Crawford,15,10536
713,Daviess,15,33418
714,Dearborn,15,51138
715,Decatur,15,26416
716,DeKalb,15,43731
717,Delaware,15,112031
718,Dubois,15,43632
719,Elkhart,15,206890
720,Fayette,15,23349
721,Floyd,15,80714
722,Fountain,15,16574
723,Franklin,15,23028
724,Fulton,15,20327
725,Gibson,15,32993
726,Grant,15,66022
727,Greene,15,31006
728,Hamilton,15,364921
729,Hancock,15,83070
730,Harrison,15,39851
731,Hendricks,15,182534
732,Henry,15,48915
733,Howard,15,83574
734,Huntington,15,36834
735,Jackson,15,46300
736,Jasper,15,33281
737,Jay,15,20198
738,Jefferson,15,32946
739,Jennings,15,27536
740,Johnson,15,165782
741,Knox,15,35789
742,Kosciusko,15,80826
743,LaGrange,15,40866
744,Lake,15,499689
745,LaPorte,15,111675
746,Lawrence,15,45222
747,Madison,15,131744
748,Marion,15,969466
749,Marshall,15,46332
750,Martin,15,9803
751,Miami,15,35674
752,Monroe,15,139745
753,Montgomery,15,38273
754,Morgan,15,72236
755,Newton,15,13823
756,Noble,15,47367
757,Ohio,15,6114
758,Orange,15,19623
759,Owen,15,21482
760,Parke,15,16369
761,Perry,15,19183
762,Pike,15,12168
763,Porter,15,174791
764,Posey,15,25063
765,Pulaski,15,12485
766,Putnam,15,37301
767,Randolph,15,24437
768,Ripley,15,29087
769,Rush,15,16673
770,St Joseph,15,272234
771,Scott,15,24588
772,Shelby,15,44991
773,Spencer,15,19967
774,Starke,15,23258
775,Steuben,15,34725
776,Sullivan,15,20670
777,Switzerland,15,10006
778,Tippecanoe,15,188717
779,Tipton,15,15361
780,Union,15,6952
781,Vanderburgh,15,179744
782,Vermillion,15,15451
783,Vigo,15,106006
784,Wabash,15,30828
785,Warren,15,8461
786,Warrick,15,65185
787,Washington,15,28224
788,Wayne,15,66273
789,Wells,15,28335
790,White,15,24598
791,Whitley,15,34627
792,Adair,16,7494
793,Adams,16,3611
794,Allamakee,16,13960
795,Appanoose,16,12094
796,Audubon,16,5598
797,Benton,16,25711
798,Black Hawk,16,130274
799,Boone,16,26609
800,Bremer,16,25259
801,Buchanan,16,20714
802,Buena Vista,16,20600
803,Butler,16,14269
804,Calhoun,16,9725
805,Carroll,16,20567
806,Cass,16,13104
807,Cedar,16,18399
808,Cerro Gordo,16,42409
809,Cherokee,16,11491
810,Chickasaw,16,11716
811,Clarke,16,9692
812,Clay,16,16475
813,Clayton,16,17027
814,Clinton,16,46344
815,Crawford,16,16123
816,Dallas,16,108016
817,Davis,16,9130
818,Decatur,16,7683
819,Delaware,16,17568
820,Des Moines,16,38293
821,Dickinson,16,18028
822,Dubuque,16,98677
823,Emmet,16,9176
824,Fayette,16,19294
825,Floyd,16,15337
826,Franklin,16,9916
827,Fremont,16,6464
828,Greene,16,8741
829,Grundy,16,12356
830,Guthrie,16,10647
831,Hamilton,16,14820
832,Hancock,16,10685
833,Hardin,16,16567
834,Harrison,16,14658
835,Henry,16,20196
836,Howard,16,9533
837,Humboldt,16,9572
838,Ida,16,6888
839,Iowa,16,16475
840,Jackson,16,19324
841,Jasper,16,37938
842,Jefferson,16,15698
843,Johnson,16,156420
844,Jones,16,20848
845,Keokuk,16,9904
846,Kossuth,16,14475
847,Lee,16,32840
848,Linn,16,229033
849,Louisa,16,10677
850,Lucas,16,8689
851,Lyon,16,12179
852,Madison,16,17036
853,Mahaska,16,21946
854,Marion,16,33642
855,Marshall,16,39879
856,Mills,16,14553
857,Mitchell,16,10532
858,Monona,16,8486
859,Monroe,16,7550
860,Montgomery,16,10205
861,Muscatine,16,42377
862,O'Brien,16,14060
863,Osceola,16,6036
864,Page,16,15143
865,Palo Alto,16,8764
866,Plymouth,16,25681
867,Pocahontas,16,7053
868,Polk,16,501089
869,Pottawattamie,16,93173
870,Poweshiek,16,18467
871,Ringgold,16,4670
872,Sac,16,9673
873,Scott,16,173924
874,Shelby,16,11645
875,Sioux,16,36050
876,Story,16,99673
877,Tama,16,16903
878,Taylor,16,5858
879,Union,16,11887
880,Van Buren,16,7256
881,Wapello,16,35043
882,Warren,16,54327
883,Washington,16,22571
884,Wayne,16,6467
885,Webster,16,36626
886,Winnebago,16,10617
887,Winneshiek,16,19974
888,Woodbury,16,105671
889,Worth,16,7319
890,Wright,16,12681
891,Allen,17,12579
892,Anderson,17,7776
893,Atchison,17,16108
894,Barber,17,4122
895,Barton,17,25080
896,Bourbon,17,14493
897,Brown,17,9364
898,Butler,17,68240
899,Chase,17,2548
900,Chautauqua,17,3415
901,Cherokee,17,19088
902,Cheyenne,17,2583
903,Clark,17,1933
904,Clay,17,8043
905,Cloud,17,8946
906,Coffey,17,8280
907,Comanche,17,1681
908,Cowley,17,34453
909,Crawford,17,39078
910,Decatur,17,2689
911,Dickinson,17,18430
912,Doniphan,17,7440
913,Douglas,17,119964
914,Edwards,17,2739
915,Elk,17,2441
916,Ellis,17,28941
917,Ellsworth,17,6355
918,Finney,17,37650
919,Ford,17,33848
920,Franklin,17,25992
921,Geary,17,35691
922,Gove,17,2717
923,Graham,17,2411
924,Grant,17,7197
925,Gray,17,5729
926,Greeley,17,1223
927,Greenwood,17,5939
928,Hamilton,17,2430
929,Harper,17,5323
930,Harvey,17,33801
931,Haskell,17,3576
932,Hodgeman,17,1755
933,Jackson,17,13286
934,Jefferson,17,18344
935,Jewell,17,2898
936,Johnson,17,619195
937,Kearny,17,3855
938,Kingman,17,7193
939,Kiowa,17,2404
940,Labette,17,19757
941,Lane,17,1556
942,Leavenworth,17,82892
943,Lincoln,17,2899
944,Linn,17,9796
945,Logan,17,2705
946,Lyon,17,31898
947,McPherson,17,30012
948,Marion,17,11868
949,Marshall,17,9982
950,Meade,17,3897
951,Miami,17,34867
952,Mitchell,17,5738
953,Montgomery,17,30996
954,Morris,17,5349
955,Morton,17,2599
956,Nemaha,17,10115
957,Neosho,17,15606
958,Ness,17,2645
959,Norton,17,5301
960,Osage,17,15654
961,Osborne,17,3490
962,Ottawa,17,5795
963,Pawnee,17,6179
964,Phillips,17,4809
965,Pottawatomie,17,26273
966,Pratt,17,9067
967,Rawlins,17,2528
968,Reno,17,61516
969,Republic,17,4642
970,Rice,17,9407
971,Riley,17,71108
972,Rooks,17,4813
973,Rush,17,2927
974,Russell,17,6639
975,Saline,17,53596
976,Scott,17,5014
977,Sedgwick,17,525525
978,Seward,17,21358
979,Shawnee,17,177480
980,Sheridan,17,2425
981,Sherman,17,5830
982,Smith,17,3533
983,Stafford,17,3993
984,Stanton,17,1963
985,Stevens,17,5175
986,Sumner,17,22473
987,Thomas,17,7893
988,Trego,17,2752
989,Wabaunsee,17,7019
990,Wallace,17,1488
991,Washington,17,5501
992,Wichita,17,2064
993,Wilson,17,8622
994,Woodson,17,3109
995,Wyandotte,17,165746
996,Adair,18,19067
997,Allen,18,21275
998,Anderson,18,24224
999,Ballard,18,7650
1000,Barren,18,44854
1001,Bath,18,12829
1002,Bell,18,23568
1003,Boone,18,139093
1004,Bourbon,18,20093
1005,Boyd,18,48110
1006,Boyle,18,30904
1007,Bracken,18,8452
1008,Breathitt,18,13351
1009,Breckinridge,18,20943
1010,Bullitt,18,83836
1011,Butler,18,12295
1012,Caldwell,18,12570
1013,Calloway,18,37685
1014,Campbell,18,93300
1015,Carlisle,18,4720
1016,Carroll,18,10938
1017,Carter,18,26395
1018,Casey,18,15920
1019,Christian,18,73037
1020,Clark,18,37061
1021,Clay,18,19913
1022,Clinton,18,9123
1023,Crittenden,18,8981
1024,Cumberland,18,5946
1025,Daviess,18,103222
1026,Edmonson,18,12269
1027,Elliott,18,7293
1028,Estill,18,14044
1029,Fayette,18,320347
1030,Fleming,18,15288
1031,Floyd,18,34978
1032,Franklin,18,51607
1033,Fulton,18,6382
1034,Gallatin,18,8763
1035,Garrard,18,17589
1036,Grant,18,25502
1037,Graves,18,36412
1038,Grayson,18,26631
1039,Green,18,11365
1040,Greenup,18,35403
1041,Hancock,18,9021
1042,Hardin,18,111862
1043,Harlan,18,25662
1044,Harrison,18,19103
1045,Hart,18,19600
1046,Henderson,18,44046
1047,Henry,18,15771
1048,Hickman,18,4422
1049,Hopkins,18,44812
1050,Jackson,18,12973
1051,Jefferson,18,773399
1052,Jessamine,18,54254
1053,Johnson,18,22244
1054,Kenton,18,170313
1055,Knott,18,13874
1056,Knox,18,29791
1057,Larue,18,15163
1058,Laurel,18,62885
1059,Lawrence,18,16109
1060,Lee,18,7261
1061,Leslie,18,10093
1062,Letcher,18,20893
1063,Lewis,18,12954
1064,Lincoln,18,24360
1065,Livingston,18,8963
1066,Logan,18,27877
1067,Lyon,18,9101
1068,McCracken,18,67490
1069,McCreary,18,16701
1070,McLean,18,9105
1071,Madison,18,95187
1072,Magoffin,18,11357
1073,Marion,18,19775
1074,Marshall,18,31777
1075,Martin,18,11095
1076,Mason,18,16930
1077,Meade,18,30001
1078,Menifee,18,6250
1079,Mercer,18,22902
1080,Metcalfe,18,10370
1081,Monroe,18,11355
1082,Montgomery,18,28367
1083,Morgan,18,14120
1084,Muhlenberg,18,30455
1085,Nelson,18,47392
1086,Nicholas,18,7805
1087,Ohio,18,23527
1088,Oldham,18,69431
1089,Owen,18,11290
1090,Owsley,18,3929
1091,Pendleton,18,14676
1092,Perry,18,27361
1093,Pike,18,56286
1094,Powell,18,13083
1095,Pulaski,18,65795
1096,Robertson,18,2229
1097,Rockcastle,18,16242
1098,Rowan,18,24388
1099,Russell,18,18178
1100,Scott,18,59099
1101,Shelby,18,48886
1102,Simpson,18,19949
1103,Spencer,18,20204
1104,Taylor,18,26407
1105,Todd,18,12404
1106,Trigg,18,14332
1107,Trimble,18,8539
1108,Union,18,12961
1109,Warren,18,139843
1110,Washington,18,12061
1111,Wayne,18,19681
1112,Webster,18,12726
1113,Whitley,18,36873
1114,Wolfe,18,6400
1115,Woodford,18,27062
1116,Acadia Parish,19,56744
1117,Allen Parish,19,22320
1118,Ascension Parish,19,130458
1119,Assumption Parish,19,20604
1120,Avoyelles Parish,19,38751
1121,Beauregard Parish,19,36570
1122,Bienville Parish,19,12641
1123,Bossier Parish,19,129276
1124,Caddo Parish,19,229025
1125,Calcasieu Parish,19,202418
1126,Caldwell Parish,19,9554
1127,Cameron Parish,19,4902
1128,Catahoula Parish,19,8566
1129,Claiborne Parish,19,13744
1130,Concordia Parish,19,18116
1131,De Soto Parish,19,26853
1132,East Baton Rouge Parish,19,450544
1133,East Carroll Parish,19,6990
1134,East Feliciana Parish,19,19135
1135,Evangeline Parish,19,31986
1136,Franklin Parish,19,19308
1137,Grant Parish,19,22000
1138,Iberia Parish,19,68327
1139,Iberville Parish,19,29506
1140,Jackson Parish,19,14839
1141,Jefferson Parish,19,425884
1142,Jefferson Davis Parish,19,32026
1143,Lafayette Parish,19,247866
1144,Lafourche Parish,19,95870
1145,LaSalle Parish,19,14729
1146,Lincoln Parish,19,48129
1147,Livingston Parish,19,148425
1148,Madison Parish,19,9478
1149,Morehouse Parish,19,24446
1150,Natchitoches Parish,19,36663
1151,Orleans Parish,19,369749
1152,Ouachita Parish,19,157702
1153,Plaquemines Parish,19,22516
1154,Pointe Coupee Parish,19,20151
1155,Rapides Parish,19,127189
1156,Red River Parish,19,7420
1157,Richland Parish,19,19826
1158,Sabine Parish,19,21985
1159,St Bernard Parish,19,44479
1160,St Charles Parish,19,50998
1161,St Helena Parish,19,10822
1162,St James Parish,19,19423
1163,St John the Baptist Parish,19,39864
1164,St Landry Parish,19,81773
1165,St Martin Parish,19,51236
1166,St Mary Parish,19,47789
1167,St Tammany Parish,19,273263
1168,Tangipahoa Parish,19,137048
1169,Tensas Parish,19,3846
1170,Terrebonne Parish,19,104786
1171,Union Parish,19,20721
1172,Vermilion Parish,19,56952
1173,Vernon Parish,19,47247
1174,Washington Parish,19,45025
1175,Webster Parish,19,35643
1176,West Baton Rouge Parish,19,28034
1177,West Carroll Parish,19,9475
1178,West Feliciana Parish,19,15381
1179,Winn Parish,19,13205
1180,Androscoggin,20,113023
1181,Aroostook,20,67255
1182,Cumberland,20,307451
1183,Franklin,20,30474
1184,Hancock,20,56701
1185,Kennebec,20,125540
1186,Knox,20,41164
1187,Lincoln,20,36215
1188,Oxford,20,59495
1189,Penobscot,20,153704
1190,Piscataquis,20,17417
1191,Sagadahoc,20,37393
1192,Somerset,20,51098
1193,Waldo,20,40241
1194,Washington,20,31437
1195,York,20,216732
1196,Allegany,33,67267
1197,Anne Arundel,33,593286
1198,Baltimore,33,846161
1199,Calvert,33,94573
1200,Caroline,33,33433
1201,Carroll,33,175305
1202,Cecil,33,104942
1203,Charles,33,170102
1204,Dorchester,33,32726
1205,Frederick,33,287079
1206,Garrett,33,28579
1207,Harford,33,263867
1208,Howard,33,335411
1209,Kent,33,19320
1210,Montgomery,33,1052521
1211,Prince George's,33,946971
1212,Queen Anne's,33,51711
1213,St Mary's,33,114877
1214,Somerset,33,24546
1215,Talbot,33,37932
1216,Washington,33,155590
1217,Wicomico,33,104664
1218,Worcester,33,53866
1219,Baltimore city,33,569931
1220,Barnstable,34,232457
1221,Berkshire,34,127859
1222,Bristol,34,580068
1223,Dukes,34,20868
1224,Essex,34,806765
1225,Franklin,34,70894
1226,Hampden,34,461041
1227,Hampshire,34,162588
1228,Middlesex,34,1617105
1229,Nantucket,34,14421
1230,Norfolk,34,725531
1231,Plymouth,34,533069
1232,Suffolk,34,766381
1233,Worcester,34,862927
1234,Alcona,35,10417
1235,Alger,35,8807
1236,Allegan,35,121210
1237,Alpena,35,28847
1238,Antrim,35,24249
1239,Arenac,35,15089
1240,Baraga,35,8277
1241,Barry,35,63554
1242,Bay,35,102821
1243,Benzie,35,18297
1244,Berrien,35,152900
1245,Branch,35,44531
1246,Calhoun,35,133289
1247,Cass,35,51403
1248,Charlevoix,35,26293
1249,Cheboygan,35,25940
1250,Chippewa,35,36293
1251,Clare,35,31352
1252,Clinton,35,79748
1253,Crawford,35,13491
1254,Delta,35,36741
1255,Dickinson,35,25874
1256,Eaton,35,108992
1257,Emmet,35,34163
1258,Genesee,35,401983
1259,Gladwin,35,25728
1260,Gogebic,35,14319
1261,Grand Traverse,35,96464
1262,Gratiot,35,41100
1263,Hillsdale,35,45762
1264,Houghton,35,37035
1265,Huron,35,31248
1266,Ingham,35,284108
1267,Ionia,35,66809
1268,Iosco,35,25521
1269,Iron,35,11622
1270,Isabella,35,64447
1271,Jackson,35,160066
1272,Kalamazoo,35,261173
1273,Kalkaska,35,18182
1274,Kent,35,659083
1275,Keweenaw,35,2180
1276,Lake,35,12594
1277,Lapeer,35,88780
1278,Leelanau,35,22870
1279,Lenawee,35,98567
1280,Livingston,35,196161
1281,Luce,35,5330
1282,Mackinac,35,10941
1283,Macomb,35,874195
1284,Manistee,35,25287
1285,Marquette,35,66661
1286,Mason,35,29409
1287,Mecosta,35,40720
1288,Menominee,35,23266
1289,Midland,35,83674
1290,Missaukee,35,15213
1291,Monroe,35,155609
1292,Montcalm,35,67433
1293,Montmorency,35,9569
1294,Muskegon,35,176565
1295,Newaygo,35,50886
1296,Oakland,35,1269431
1297,Oceana,35,26973
1298,Ogemaw,35,20970
1299,Ontonagon,35,5863
1300,Osceola,35,23274
1301,Oscoda,35,8404
1302,Otsego,35,25644
1303,Ottawa,35,300873
1304,Presque Isle,35,13361
1305,Roscommon,35,23708
1306,Saginaw,35,188330
1307,St Clair,35,160151
1308,St Joseph,35,60874
1309,Sanilac,35,40657
1310,Schoolcraft,35,8188
1311,Shiawassee,35,68022
1312,Tuscola,35,52945
1313,Van Buren,35,75692
1314,Washtenaw,35,366376
1315,Wayne,35,1757043
1316,Wexford,35,34196
1317,Aitkin,36,16126
1318,Anoka,36,368864
1319,Becker,36,35371
1320,Beltrami,36,46799
1321,Benton,36,41463
1322,Big Stone,36,5144
1323,Blue Earth,36,69631
1324,Brown,36,25723
1325,Carlton,36,36708
1326,Carver,36,110034
1327,Cass,36,31274
1328,Chippewa,36,12284
1329,Chisago,36,57988
1330,Clay,36,65929
1331,Clearwater,36,8649
1332,Cook,36,5708
1333,Cottonwood,36,11356
1334,Crow Wing,36,67948
1335,Dakota,36,443341
1336,Dodge,36,20981
1337,Douglas,36,39668
1338,Faribault,36,13926
1339,Fillmore,36,21414
1340,Freeborn,36,30718
1341,Goodhue,36,48013
1342,Grant,36,6136
1343,Hennepin,36,1260121
1344,Houston,36,18800
1345,Hubbard,36,21960
1346,Isanti,36,42727
1347,Itasca,36,45205
1348,Jackson,36,9893
1349,Kanabec,36,16463
1350,Kandiyohi,36,43839
1351,Kittson,36,4059
1352,Koochiching,36,11844
1353,Lac qui Parle,36,6689
1354,Lake,36,10939
1355,Lake of the Woods,36,3871
1356,Le Sueur,36,29153
1357,Lincoln,36,5580
1358,Lyon,36,25262
1359,McLeod,36,36714
1360,Mahnomen,36,5328
1361,Marshall,36,8861
1362,Martin,36,19650
1363,Meeker,36,23496
1364,Mille Lacs,36,27280
1365,Morrison,36,34246
1366,Mower,36,40140
1367,Murray,36,8060
1368,Nicollet,36,34441
1369,Nobles,36,21947
1370,Norman,36,6377
1371,Olmsted,36,164020
1372,Otter Tail,36,60519
1373,Pennington,36,13845
1374,Pine,36,29446
1375,Pipestone,36,9355
1376,Polk,36,30731
1377,Pope,36,11431
1378,Ramsey,36,536413
1379,Red Lake,36,3874
1380,Redwood,36,15361
1381,Renville,36,14525
1382,Rice,36,67693
1383,Rock,36,9537
1384,Roseau,36,15292
1385,St Louis,36,199532
1386,Scott,36,154520
1387,Sherburne,36,100824
1388,Sibley,36,14955
1389,Stearns,36,160405
1390,Steele,36,37398
1391,Stevens,36,9637
1392,Swift,36,9755
1393,Todd,36,25538
1394,Traverse,36,3275
1395,Wabasha,36,21658
1396,Wadena,36,14307
1397,Waseca,36,18893
1398,Washington,36,275912
1399,Watonwan,36,11075
1400,Wilkin,36,6350
1401,Winona,36,49478
1402,Wright,36,148003
1403,Yellow Medicine,36,9486
1404,Adams,37,28408
1405,Alcorn,37,34204
1406,Amite,37,12619
1407,Attala,37,17509
1408,Benton,37,7550
1409,Bolivar,37,29370
1410,Calhoun,37,12781
1411,Carroll,37,9731
1412,Chickasaw,37,16812
1413,Choctaw,37,8037
1414,Claiborne,37,8805
1415,Clarke,37,15271
1416,Clay,37,18380
1417,Coahoma,37,20197
1418,Copiah,37,27719
1419,Covington,37,18098
1420,DeSoto,37,191723
1421,Forrest,37,78110
1422,Franklin,37,7642
1423,George,37,25206
1424,Greene,37,13552
1425,Grenada,37,21088
1426,Hancock,37,46094
1427,Harrison,37,211044
1428,Hinds,37,217730
1429,Holmes,37,16121
1430,Humphreys,37,7333
1431,Issaquena,37,1273
1432,Itawamba,37,23903
1433,Jackson,37,144975
1434,Jasper,37,16167
1435,Jefferson,37,7087
1436,Jefferson Davis,37,11088
1437,Jones,37,66569
1438,Kemper,37,8654
1439,Lafayette,37,57615
1440,Lamar,37,65783
1441,Lauderdale,37,70904
1442,Lawrence,37,11713
1443,Leake,37,21135
1444,Lee,37,82959
1445,Leflore,37,26570
1446,Lincoln,37,34717
1447,Lowndes,37,57603
1448,Madison,37,111113
1449,Marion,37,24050
1450,Marshall,37,34110
1451,Monroe,37,33577
1452,Montgomery,37,9530
1453,Neshoba,37,28673
1454,Newton,37,21029
1455,Noxubee,37,9990
1456,Oktibbeha,37,51427
1457,Panola,37,32661
1458,Pearl River,37,57261
1459,Perry,37,11368
1460,Pike,37,39644
1461,Pontotoc,37,31389
1462,Prentiss,37,24792
1463,Quitman,37,5701
1464,Rankin,37,158979
1465,Scott,37,27707
1466,Sharkey,37,3488
1467,Simpson,37,25587
1468,Smith,37,14092
1469,Stone,37,18669
1470,Sunflower,37,24811
1471,Tallahatchie,37,12035
1472,Tate,37,28296
1473,Tippah,37,21431
1474,Tishomingo,37,18619
1475,Tunica,37,9458
1476,Union,37,28125
1477,Walthall,37,13761
1478,Warren,37,42649
1479,Washington,37,42514
1480,Wayne,37,19681
1481,Webster,37,9993
1482,Wilkinson,37,8143
1483,Winston,37,17543
1484,Yalobusha,37,12364
1485,Yazoo,37,25948
1486,Adair,38,25165
1487,Andrew,38,18003
1488,Atchison,38,5182
1489,Audrain,38,24434
1490,Barry,38,34926
1491,Barton,38,11694
1492,Bates,38,16177
1493,Benton,38,20224
1494,Bollinger,38,10518
1495,Boone,38,187690
1496,Buchanan,38,82911
1497,Butler,38,42179
1498,Caldwell,38,8933
1499,Callaway,38,44762
1500,Camden,38,43768
1501,Cape Girardeau,38,82899
1502,Carroll,38,8423
1503,Carter,38,5268
1504,Cass,38,110394
1505,Cedar,38,14601
1506,Chariton,38,7386
1507,Christian,38,93114
1508,Clark,38,6723
1509,Clay,38,257033
1510,Clinton,38,21328
1511,Cole,38,76969
1512,Cooper,38,16772
1513,Crawford,38,22659
1514,Dade,38,7660
1515,Dallas,38,17626
1516,Daviess,38,8435
1517,DeKalb,38,11336
1518,Dent,38,14467
1519,Douglas,38,11975
1520,Dunklin,38,27406
1521,Franklin,38,105879
1522,Gasconade,38,14768
1523,Gentry,38,6253
1524,Greene,38,303293
1525,Grundy,38,9838
1526,Harrison,38,8199
1527,Henry,38,22438
1528,Hickory,38,8630
1529,Holt,38,4262
1530,Howard,38,10168
1531,Howell,38,40631
1532,Iron,38,9414
1533,Jackson,38,716531
1534,Jasper,38,124075
1535,Jefferson,38,229336
1536,Johnson,38,54368
1537,Knox,38,3776
1538,Laclede,38,36313
1539,Lafayette,38,32961
1540,Lawrence,38,38683
1541,Lewis,38,9891
1542,Lincoln,38,63155
1543,Linn,38,11820
1544,Livingston,38,14402
1545,McDonald,38,23588
1546,Macon,38,15049
1547,Madison,38,12753
1548,Maries,38,8431
1549,Marion,38,28438
1550,Mercer,38,3437
1551,Miller,38,25403
1552,Mississippi,38,11688
1553,Moniteau,38,15220
1554,Monroe,38,8652
1555,Montgomery,38,11470
1556,Morgan,38,21785
1557,New Madrid,38,15695
1558,Newton,38,60011
1559,Nodaway,38,20670
1560,Oregon,38,8732
1561,Osage,38,13399
1562,Ozark,38,8940
1563,Pemiscot,38,14841
1564,Perry,38,18858
1565,Pettis,38,43353
1566,Phelps,38,45313
1567,Pike,38,17664
1568,Platte,38,110534
1569,Polk,38,32693
1570,Pulaski,38,53941
1571,Putnam,38,4666
1572,Ralls,38,10420
1573,Randolph,38,24622
1574,Ray,38,23107
1575,Reynolds,38,6006
1576,Ripley,38,10703
1577,St Charles,38,413803
1578,St Clair,38,9576
1579,Ste Genevieve,38,18644
1580,St Francois,38,66969
1581,St Louis,38,990414
1582,Saline,38,23007
1583,Schuyler,38,4002
1584,Scotland,38,4643
1585,Scott,38,37840
1586,Shannon,38,7193
1587,Shelby,38,5982
1588,Stoddard,38,28377
1589,Stone,38,32136
1590,Sullivan,38,5840
1591,Taney,38,56821
1592,Texas,38,25336
1593,Vernon,38,19651
1594,Warren,38,37260
1595,Washington,38,23441
1596,Wayne,38,10792
1597,Webster,38,40335
1598,Worth,38,1955
1599,Wright,38,19156
1600,St Louis city,38,286578
1601,Beaverhead,21,9719
1602,Big Horn,21,12851
1603,Blaine,21,6936
1604,Broadwater,21,7793
1605,Carbon,21,11179
1606,Carter,21,1382
1607,Cascade,21,84864
1608,Chouteau,21,5898
1609,Custer,21,12032
1610,Daniels,21,1628
1611,Dawson,21,8830
1612,Deer Lodge,21,9510
1613,Fallon,21,3011
1614,Fergus,21,11663
1615,Flathead,21,111814
1616,Gallatin,21,124857
1617,Garfield,21,1218
1618,Glacier,21,13681
1619,Golden Valley,21,835
1620,Granite,21,3502
1621,Hill,21,16068
1622,Jefferson,21,12826
1623,Judith Basin,21,2105
1624,Lake,21,32853
1625,Lewis and Clark,21,73832
1626,Liberty,21,1972
1627,Lincoln,21,21525
1628,McCone,21,1709
1629,Madison,21,9265
1630,Meagher,21,2013
1631,Mineral,21,5058
1632,Missoula,21,121041
1633,Musselshell,21,5197
1634,Park,21,17790
1635,Petroleum,21,524
1636,Phillips,21,4240
1637,Pondera,21,6078
1638,Powder River,21,1725
1639,Powell,21,7051
1640,Prairie,21,1107
1641,Ravalli,21,47298
1642,Richland,21,11237
1643,Roosevelt,21,10572
1644,Rosebud,21,8088
1645,Sanders,21,13442
1646,Sheridan,21,3564
1647,Silver Bow,21,36068
1648,Stillwater,21,9177
1649,Sweet Grass,21,3715
1650,Teton,21,6368
1651,Toole,21,5082
1652,Treasure,21,758
1653,Valley,21,7513
1654,Wheatland,21,2032
1655,Wibaux,21,919
1656,Yellowstone,21,169852
1657,Adams,22,30970
1658,Antelope,22,6293
1659,Arthur,22,433
1660,Banner,22,660
1661,Blaine,22,453
1662,Boone,22,5385
1663,Box Butte,22,10672
1664,Boyd,22,1741
1665,Brown,22,2872
1666,Buffalo,22,50586
1667,Burt,22,6755
1668,Butler,22,8427
1669,Cass,22,27122
1670,Cedar,22,8371
1671,Chase,22,3772
1672,Cherry,22,5464
1673,Cheyenne,22,9511
1674,Clay,22,6049
1675,Colfax,22,10444
1676,Cuming,22,8929
1677,Custer,22,10476
1678,Dakota,22,21042
1679,Dawes,22,8241
1680,Dawson,22,23884
1681,Deuel,22,1902
1682,Dixon,22,5464
1683,Dodge,22,36997
1684,Douglas,22,586327
1685,Dundy,22,1590
1686,Fillmore,22,5553
1687,Franklin,22,2873
1688,Frontier,22,2633
1689,Furnas,22,4575
1690,Gage,22,21583
1691,Garden,22,1837
1692,Garfield,22,1801
1693,Gosper,22,1808
1694,Grant,22,576
1695,Greeley,22,2227
1696,Hall,22,62097
1697,Hamilton,22,9429
1698,Harlan,22,3054
1699,Hayes,22,849
1700,Hitchcock,22,2598
1701,Holt,22,10043
1702,Hooker,22,686
1703,Howard,22,6515
1704,Jefferson,22,7154
1705,Johnson,22,5287
1706,Kearney,22,6690
1707,Keith,22,8269
1708,Keya Paha,22,787
1709,Kimball,22,3315
1710,Knox,22,8336
1711,Lancaster,22,324756
1712,Lincoln,22,33685
1713,Logan,22,675
1714,Loup,22,599
1715,McPherson,22,372
1716,Madison,22,35368
1717,Merrick,22,7721
1718,Morrill,22,4527
1719,Nance,22,3326
1720,Nemaha,22,7035
1721,Nuckolls,22,4041
1722,Otoe,22,16198
1723,Pawnee,22,2528
1724,Perkins,22,2829
1725,Phelps,22,8988
1726,Pierce,22,7332
1727,Platte,22,34296
1728,Polk,22,5166
1729,Red Willow,22,10573
1730,Richardson,22,7705
1731,Rock,22,1245
1732,Saline,22,14116
1733,Sarpy,22,196553
1734,Saunders,22,23118
1735,Scotts Bluff,22,35603
1736,Seward,22,17692
1737,Sheridan,22,4996
1738,Sherman,22,2980
1739,Sioux,22,1127
1740,Stanton,22,5717
1741,Thayer,22,4885
1742,Thomas,22,671
1743,Thurston,22,6507
1744,Valley,22,4073
1745,Washington,22,21167
1746,Wayne,22,9871
1747,Webster,22,3336
1748,Wheeler,22,785
1749,York,22,14354
1750,Churchill,23,25843
1751,Clark,23,2322985
1752,Douglas,23,49628
1753,Elko,23,54046
1754,Esmeralda,23,744
1755,Eureka,23,1863
1756,Humboldt,23,17272
1757,Lander,23,5766
1758,Lincoln,23,4482
1759,Lyon,23,61585
1760,Mineral,23,4525
1761,Nye,23,54738
1762,Pershing,23,6462
1763,Storey,23,4170
1764,Washoe,23,496745
1765,White Pine,23,8788
1766,Carson City,23,58130
1767,Belknap,24,64781
1768,Carroll,24,52199
1769,Cheshire,24,77350
1770,Coos,24,31504
1771,Grafton,24,91126
1772,Hillsborough,24,426594
1773,Merrimack,24,156020
1774,Rockingham,24,319424
1775,Strafford,24,132275
1776,Sullivan,24,43958
1777,Atlantic,25,275638
1778,Bergen,25,952997
1779,Burlington,25,466103
1780,Camden,25,524907
1781,Cape May,25,95634
1782,Cumberland,25,151356
1783,Essex,25,849477
1784,Gloucester,25,306601
1785,Hudson,25,703366
1786,Hunterdon,25,129777
1787,Mercer,25,380688
1788,Middlesex,25,861418
1789,Monmouth,25,644098
1790,Morris,25,511151
1791,Ocean,25,655735
1792,Passaic,25,513936
1793,Salem,25,65117
1794,Somerset,25,346875
1795,Sussex,25,146084
1796,Union,25,569815
1797,Warren,25,110926
1798,Bernalillo,26,672508
1799,Catron,26,3827
1800,Chaves,26,63894
1801,Cibola,26,26950
1802,Colfax,26,12246
1803,Curry,26,47532
1804,De Baca,26,1693
1805,Do√±a Ana,26,223337
1806,Eddy,26,60400
1807,Grant,26,27686
1808,Guadalupe,26,4310
1809,Harding,26,628
1810,Hidalgo,26,4003
1811,Lea,26,72452
1812,Lincoln,26,20411
1813,Los Alamos,26,19187
1814,Luna,26,25749
1815,McKinley,26,69830
1816,Mora,26,4169
1817,Otero,26,68823
1818,Quay,26,8546
1819,Rio Arriba,26,40048
1820,Roosevelt,26,18934
1821,Sandoval,26,153501
1822,San Juan,26,120418
1823,San Miguel,26,26953
1824,Santa Fe,26,155664
1825,Sierra,26,11436
1826,Socorro,26,16115
1827,Taos,26,34580
1828,Torrance,26,15454
1829,Union,26,3980
1830,Valencia,26,78080
1831,Albany,27,315811
1832,Allegany,27,46694
1833,Bronx,27,1379946
1834,Broome,27,197117
1835,Cattaraugus,27,76439
1836,Cayuga,27,74998
1837,Chautauqua,27,126027
1838,Chemung,27,81426
1839,Chenango,27,46458
1840,Clinton,27,78753
1841,Columbia,27,61286
1842,Cortland,27,46126
1843,Delaware,27,44740
1844,Dutchess,27,297545
1845,Erie,27,950312
1846,Essex,27,36910
1847,Franklin,27,46373
1848,Fulton,27,52669
1849,Genesee,27,57535
1850,Greene,27,48061
1851,Hamilton,27,5118
1852,Herkimer,27,59822
1853,Jefferson,27,116637
1854,Kings,27,2590516
1855,Lewis,27,26699
1856,Livingston,27,61516
1857,Madison,27,67097
1858,Monroe,27,752035
1859,Montgomery,27,49623
1860,Nassau,27,1383726
1861,New York,27,1596273
1862,Niagara,27,210880
1863,Oneida,27,228846
1864,Onondaga,27,468249
1865,Ontario,27,112707
1866,Orange,27,405941
1867,Orleans,27,39318
1868,Oswego,27,118287
1869,Otsego,27,60636
1870,Putnam,27,98045
1871,Queens,27,2278029
1872,Rensselaer,27,159853
1873,Richmond,27,491133
1874,Rockland,27,339022
1875,St Lawrence,27,107733
1876,Saratoga,27,238797
1877,Schenectady,27,160093
1878,Schoharie,27,30063
1879,Schuyler,27,17650
1880,Seneca,27,32882
1881,Steuben,27,92599
1882,Suffolk,27,1525465
1883,Sullivan,27,79658
1884,Tioga,27,47772
1885,Tompkins,27,104777
1886,Ulster,27,182319
1887,Warren,27,65599
1888,Washington,27,60841
1889,Wayne,27,91125
1890,Westchester,27,990427
1891,Wyoming,27,39666
1892,Yates,27,24451
1893,Alamance,28,176353
1894,Alexander,28,36512
1895,Alleghany,28,11185
1896,Anson,28,22202
1897,Ashe,28,27110
1898,Avery,28,17571
1899,Beaufort,28,44272
1900,Bertie,28,17240
1901,Bladen,28,29446
1902,Brunswick,28,153064
1903,Buncombe,28,273589
1904,Burke,28,87881
1905,Cabarrus,28,235797
1906,Caldwell,28,80492
1907,Camden,28,11088
1908,Carteret,28,69380
1909,Caswell,28,22614
1910,Catawba,28,163462
1911,Chatham,28,79864
1912,Cherokee,28,29512
1913,Chowan,28,13940
1914,Clay,28,11614
1915,Cleveland,28,100670
1916,Columbus,28,49885
1917,Craven,28,100874
1918,Cumberland,28,336699
1919,Currituck,28,31015
1920,Dare,28,37956
1921,Davidson,28,172586
1922,Davie,28,44090
1923,Duplin,28,48990
1924,Durham,28,332680
1925,Edgecombe,28,48301
1926,Forsyth,28,389157
1927,Franklin,28,74539
1928,Gaston,28,234215
1929,Gates,28,10383
1930,Graham,28,7980
1931,Granville,28,61903
1932,Greene,28,20211
1933,Guilford,28,546101
1934,Halifax,28,47848
1935,Harnett,28,138832
1936,Haywood,28,62609
1937,Henderson,28,118106
1938,Hertford,28,20875
1939,Hoke,28,53787
1940,Hyde,28,4576
1941,Iredell,28,195897
1942,Jackson,28,42955
1943,Johnston,28,234778
1944,Jones,28,9233
1945,Lee,28,65476
1946,Lenoir,28,54633
1947,Lincoln,28,93095
1948,McDowell,28,44753
1949,Macon,28,38065
1950,Madison,28,21768
1951,Martin,28,21508
1952,Mecklenburg,28,1145392
1953,Mitchell,28,15094
1954,Montgomery,28,25894
1955,Moore,28,105531
1956,Nash,28,95789
1957,New Hanover,28,234921
1958,Northampton,28,16779
1959,Onslow,28,207298
1960,Orange,28,150477
1961,Pamlico,28,12381
1962,Pasquotank,28,40938
1963,Pender,28,65737
1964,Perquimans,28,13210
1965,Person,28,39386
1966,Pitt,28,173542
1967,Polk,28,19986
1968,Randolph,28,146043
1969,Richmond,28,42778
1970,Robeson,28,116663
1971,Rockingham,28,91957
1972,Rowan,28,149645
1973,Rutherford,28,64963
1974,Sampson,28,59120
1975,Scotland,28,34162
1976,Stanly,28,64153
1977,Stokes,28,45175
1978,Surry,28,71403
1979,Swain,28,13967
1980,Transylvania,28,33355
1981,Tyrrell,28,3365
1982,Union,28,249070
1983,Vance,28,42138
1984,Wake,28,1175021
1985,Warren,28,18713
1986,Washington,28,10828
1987,Watauga,28,55089
1988,Wayne,28,117286
1989,Wilkes,28,65784
1990,Wilson,28,78449
1991,Yadkin,28,37463
1992,Yancey,28,18811
1993,Adams,29,2115
1994,Barnes,29,10758
1995,Benson,29,5770
1996,Billings,29,1018
1997,Bottineau,29,6376
1998,Bowman,29,2894
1999,Burke,29,2155
2000,Burleigh,29,99280
2001,Cass,29,192734
2002,Cavalier,29,3597
2003,Dickey,29,4923
2004,Divide,29,2187
2005,Dunn,29,4015
2006,Eddy,29,2314
2007,Emmons,29,3250
2008,Foster,29,3378
2009,Golden Valley,29,1744
2010,Grand Forks,29,72413
2011,Grant,29,2243
2012,Griggs,29,2252
2013,Hettinger,29,2406
2014,Kidder,29,2393
2015,LaMoure,29,4098
2016,Logan,29,1855
2017,McHenry,29,5189
2018,McIntosh,29,2475
2019,McKenzie,29,13908
2020,McLean,29,9824
2021,Mercer,29,8333
2022,Morton,29,33710
2023,Mountrail,29,9290
2024,Nelson,29,2995
2025,Oliver,29,1856
2026,Pembina,29,6763
2027,Pierce,29,3942
2028,Ramsey,29,11515
2029,Ransom,29,5640
2030,Renville,29,2220
2031,Richland,29,16580
2032,Rolette,29,11933
2033,Sargent,29,3795
2034,Sheridan,29,1295
2035,Sioux,29,3711
2036,Slope,29,672
2037,Stark,29,32803
2038,Steele,29,1788
2039,Stutsman,29,21487
2040,Towner,29,2064
2041,Traill,29,7958
2042,Walsh,29,10438
2043,Ward,29,68870
2044,Wells,29,3930
2045,Williams,29,38109
2046,Adams,30,27420
2047,Allen,30,101115
2048,Ashland,30,52181
2049,Ashtabula,30,97014
2050,Athens,30,58979
2051,Auglaize,30,45948
2052,Belmont,30,65509
2053,Brown,30,43680
2054,Butler,30,388420
2055,Carroll,30,26659
2056,Champaign,30,38709
2057,Clark,30,134831
2058,Clermont,30,210805
2059,Clinton,30,41964
2060,Columbiana,30,100511
2061,Coshocton,30,36571
2062,Crawford,30,41522
2063,Cuyahoga,30,1236041
2064,Darke,30,51529
2065,Defiance,30,38187
2066,Delaware,30,226296
2067,Erie,30,74501
2068,Fairfield,30,162898
2069,Fayette,30,28839
2070,Franklin,30,1321820
2071,Fulton,30,42171
2072,Gallia,30,29068
2073,Geauga,30,95469
2074,Greene,30,168456
2075,Guernsey,30,38098
2076,Hamilton,30,825037
2077,Hancock,30,74861
2078,Hardin,30,30416
2079,Harrison,30,14378
2080,Henry,30,27512
2081,Highland,30,43391
2082,Hocking,30,27858
2083,Holmes,30,44390
2084,Huron,30,58218
2085,Jackson,30,32586
2086,Jefferson,30,64330
2087,Knox,30,63183
2088,Lake,30,231842
2089,Lawrence,30,56653
2090,Licking,30,181359
2091,Logan,30,46040
2092,Lorain,30,316268
2093,Lucas,30,426643
2094,Madison,30,43540
2095,Mahoning,30,225636
2096,Marion,30,64642
2097,Medina,30,183512
2098,Meigs,30,21969
2099,Mercer,30,42348
2100,Miami,30,110247
2101,Monroe,30,13234
2102,Montgomery,30,533892
2103,Morgan,30,13668
2104,Morrow,30,35339
2105,Muskingum,30,86113
2106,Noble,30,14335
2107,Ottawa,30,39978
2108,Paulding,30,18757
2109,Perry,30,35480
2110,Pickaway,30,60023
2111,Pike,30,27005
2112,Portage,30,161745
2113,Preble,30,40596
2114,Putnam,30,34334
2115,Richland,30,125319
2116,Ross,30,76606
2117,Sandusky,30,58667
2118,Scioto,30,72194
2119,Seneca,30,54632
2120,Shelby,30,47671
2121,Stark,30,372657
2122,Summit,30,535882
2123,Trumbull,30,200643
2124,Tuscarawas,30,91937
2125,Union,30,66898
2126,Van Wert,30,28769
2127,Vinton,30,12565
2128,Warren,30,249778
2129,Washington,30,58901
2130,Wayne,30,116559
2131,Williams,30,36652
2132,Wood,30,131592
2133,Wyandot,30,21567
2134,Adair,31,19576
2135,Alfalfa,31,5637
2136,Atoka,31,14262
2137,Beaver,31,5016
2138,Beckham,31,22009
2139,Blaine,31,8409
2140,Bryan,31,48182
2141,Caddo,31,26198
2142,Canadian,31,169149
2143,Carter,31,48510
2144,Cherokee,31,48098
2145,Choctaw,31,14358
2146,Cimarron,31,2252
2147,Cleveland,31,299587
2148,Coal,31,5313
2149,Comanche,31,123046
2150,Cotton,31,5477
2151,Craig,31,14123
2152,Creek,31,72699
2153,Custer,31,27886
2154,Delaware,31,41413
2155,Dewey,31,4401
2156,Ellis,31,3657
2157,Garfield,31,61920
2158,Garvin,31,25713
2159,Grady,31,56658
2160,Grant,31,4124
2161,Greer,31,5547
2162,Harmon,31,2428
2163,Harper,31,3129
2164,Haskell,31,11641
2165,Hughes,31,13407
2166,Jackson,31,24556
2167,Jefferson,31,5389
2168,Johnston,31,10406
2169,Kay,31,43668
2170,Kingfisher,31,15293
2171,Kiowa,31,8345
2172,Latimer,31,9630
2173,Le Flore,31,48907
2174,Lincoln,31,34188
2175,Logan,31,51933
2176,Love,31,10218
2177,McClain,31,45306
2178,McCurtain,31,30931
2179,McIntosh,31,19451
2180,Major,31,7502
2181,Marshall,31,15882
2182,Mayes,31,39589
2183,Murray,31,13672
2184,Muskogee,31,66354
2185,Noble,31,10896
2186,Nowata,31,9483
2187,Okfuskee,31,11134
2188,Oklahoma,31,802559
2189,Okmulgee,31,36990
2190,Osage,31,45839
2191,Ottawa,31,30338
2192,Pawnee,31,15757
2193,Payne,31,82794
2194,Pittsburg,31,43613
2195,Pontotoc,31,38141
2196,Pottawatomie,31,73533
2197,Pushmataha,31,10769
2198,Roger Mills,31,3320
2199,Rogers,31,98836
2200,Seminole,31,23351
2201,Sequoyah,31,39667
2202,Stephens,31,43710
2203,Texas,31,20495
2204,Tillman,31,6977
2205,Tulsa,31,677358
2206,Wagoner,31,86644
2207,Washington,31,53242
2208,Washita,31,10732
2209,Woods,31,8587
2210,Woodward,31,19990
2211,Baker,32,16938
2212,Benton,32,97630
2213,Clackamas,32,423177
2214,Clatsop,32,41695
2215,Columbia,32,53588
2216,Coos,32,64990
2217,Crook,32,26375
2218,Curry,32,23598
2219,Deschutes,32,206549
2220,Douglas,32,112297
2221,Gilliam,32,2018
2222,Grant,32,7218
2223,Harney,32,7515
2224,Hood River,32,24048
2225,Jackson,32,221644
2226,Jefferson,32,25330
2227,Josephine,32,87730
2228,Klamath,32,70212
2229,Lake,32,8385
2230,Lane,32,382353
2231,Lincoln,32,50813
2232,Linn,32,130467
2233,Malheur,32,31879
2234,Marion,32,346703
2235,Morrow,32,12300
2236,Multnomah,32,795083
2237,Polk,32,89614
2238,Sherman,32,1955
2239,Tillamook,32,27574
2240,Umatilla,32,80215
2241,Union,32,26177
2242,Wallowa,32,7659
2243,Wasco,32,26561
2244,Washington,32,600176
2245,Wheeler,32,1445
2246,Yamhill,32,108226
2247,Adams,39,106027
2248,Allegheny,39,1233253
2249,Armstrong,39,64747
2250,Beaver,39,165677
2251,Bedford,39,47418
2252,Berks,39,430449
2253,Blair,39,121032
2254,Bradford,39,59866
2255,Bucks,39,645054
2256,Butler,39,197300
2257,Cambria,39,131441
2258,Cameron,39,4418
2259,Carbon,39,65460
2260,Centre,39,158425
2261,Chester,39,545823
2262,Clarion,39,37346
2263,Clearfield,39,77904
2264,Clinton,39,37931
2265,Columbia,39,64926
2266,Crawford,39,82670
2267,Cumberland,39,268579
2268,Dauphin,39,288800
2269,Delaware,39,575182
2270,Elk,39,30477
2271,Erie,39,267689
2272,Fayette,39,125755
2273,Forest,39,6626
2274,Franklin,39,156902
2275,Fulton,39,14533
2276,Greene,39,34663
2277,Huntingdon,39,43281
2278,Indiana,39,82957
2279,Jefferson,39,43794
2280,Juniata,39,23339
2281,Lackawanna,39,215615
2282,Lancaster,39,556629
2283,Lawrence,39,84849
2284,Lebanon,39,144011
2285,Lehigh,39,376317
2286,Luzerne,39,326369
2287,Lycoming,39,113104
2288,McKean,39,39866
2289,Mercer,39,109220
2290,Mifflin,39,45988
2291,Monroe,39,167198
2292,Montgomery,39,864683
2293,Montour,39,18091
2294,Northampton,39,318526
2295,Northumberland,39,90133
2296,Perry,39,46114
2297,Philadelphia,39,1567258
2298,Pike,39,60558
2299,Potter,39,16220
2300,Schuylkill,39,143104
2301,Snyder,39,39652
2302,Somerset,39,72710
2303,Sullivan,39,5855
2304,Susquehanna,39,38074
2305,Tioga,39,41106
2306,Union,39,42744
2307,Venango,39,49777
2308,Warren,39,37808
2309,Washington,39,210383
2310,Wayne,39,51173
2311,Westmoreland,39,352057
2312,Wyoming,39,26014
2313,York,39,461058
2314,Bristol,40,50360
2315,Kent,40,171275
2316,Newport,40,84481
2317,Providence,40,657288
2318,Washington,40,130330
2319,Abbeville,41,24356
2320,Aiken,41,174150
2321,Allendale,41,7579
2322,Anderson,41,209581
2323,Bamberg,41,12908
2324,Barnwell,41,20414
2325,Beaufort,41,196371
2326,Berkeley,41,245117
2327,Calhoun,41,14179
2328,Charleston,41,419279
2329,Cherokee,41,56121
2330,Chester,41,31931
2331,Chesterfield,41,43683
2332,Clarendon,41,30913
2333,Colleton,41,38599
2334,Darlington,41,62398
2335,Dillon,41,27738
2336,Dorchester,41,166133
2337,Edgefield,41,26932
2338,Fairfield,41,20455
2339,Florence,41,136721
2340,Georgetown,41,64722
2341,Greenville,41,547950
2342,Greenwood,41,69267
2343,Hampton,41,18113
2344,Horry,41,383101
2345,Jasper,41,32039
2346,Kershaw,41,67751
2347,Lancaster,41,104577
2348,Laurens,41,67965
2349,Lee,41,16153
2350,Lexington,41,304797
2351,McCormick,41,9764
2352,Marion,41,28450
2353,Marlboro,41,26039
2354,Newberry,41,38247
2355,Oconee,41,80180
2356,Orangeburg,41,83094
2357,Pickens,41,133462
2358,Richland,41,421566
2359,Saluda,41,18938
2360,Spartanburg,41,345831
2361,Sumter,41,104012
2362,Union,41,26752
2363,Williamsburg,41,30058
2364,York,41,294248
2365,Aurora,42,2755
2366,Beadle,42,19376
2367,Bennett,42,3336
2368,Bon Homme,42,7062
2369,Brookings,42,35484
2370,Brown,42,37972
2371,Brule,42,5321
2372,Buffalo,42,1861
2373,Butte,42,10774
2374,Campbell,42,1349
2375,Charles Mix,42,9213
2376,Clark,42,3912
2377,Clay,42,15280
2378,Codington,42,28721
2379,Corson,42,3826
2380,Custer,42,9006
2381,Davison,42,19973
2382,Day,42,5479
2383,Deuel,42,4352
2384,Dewey,42,5140
2385,Douglas,42,2776
2386,Edmunds,42,4065
2387,Fall River,42,7370
2388,Faulk,42,2126
2389,Grant,42,7463
2390,Gregory,42,3962
2391,Haakon,42,1826
2392,Hamlin,42,6352
2393,Hand,42,3140
2394,Hanson,42,3461
2395,Harding,42,1330
2396,Hughes,42,17692
2397,Hutchinson,42,7368
2398,Hyde,42,1184
2399,Jackson,42,2821
2400,Jerauld,42,1650
2401,Jones,42,884
2402,Kingsbury,42,5294
2403,Lake,42,10972
2404,Lawrence,42,27214
2405,Lincoln,42,70987
2406,Lyman,42,3692
2407,McCook,42,5778
2408,McPherson,42,2395
2409,Marshall,42,4374
2410,Meade,42,30698
2411,Mellette,42,1892
2412,Miner,42,2304
2413,Minnehaha,42,203971
2414,Moody,42,6349
2415,Oglala Lakota,42,13519
2416,Pennington,42,114461
2417,Perkins,42,2804
2418,Potter,42,2438
2419,Roberts,42,10163
2420,Sanborn,42,2415
2421,Spink,42,6235
2422,Stanley,42,2999
2423,Sully,42,1471
2424,Todd,42,9220
2425,Tripp,42,5565
2426,Turner,42,8856
2427,Union,42,17063
2428,Walworth,42,5265
2429,Yankton,42,23373
2430,Ziebach,42,2395
2431,Anderson,43,78913
2432,Bedford,43,51950
2433,Benton,43,16002
2434,Bledsoe,43,14798
2435,Blount,43,139958
2436,Bradley,43,110616
2437,Campbell,43,39584
2438,Cannon,43,14788
2439,Carroll,43,28458
2440,Carter,43,56410
2441,Cheatham,43,41830
2442,Chester,43,17609
2443,Claiborne,43,32431
2444,Clay,43,7620
2445,Cocke,43,36879
2446,Coffee,43,59728
2447,Crockett,43,13888
2448,Cumberland,43,63522
2449,Davidson,43,708144
2450,Decatur,43,11564
2451,DeKalb,43,21003
2452,Dickson,43,55761
2453,Dyer,43,36410
2454,Fayette,43,43630
2455,Fentress,43,19332
2456,Franklin,43,43942
2457,Gibson,43,50837
2458,Giles,43,30554
2459,Grainger,43,24277
2460,Greene,43,71405
2461,Grundy,43,13783
2462,Hamblen,43,65168
2463,Hamilton,43,374682
2464,Hancock,43,6845
2465,Hardeman,43,25529
2466,Hardin,43,27077
2467,Hawkins,43,58043
2468,Haywood,43,17550
2469,Henderson,43,27929
2470,Henry,43,32379
2471,Hickman,43,25455
2472,Houston,43,8219
2473,Humphreys,43,19106
2474,Jackson,43,11989
2475,Jefferson,43,56727
2476,Johnson,43,18086
2477,Knox,43,494574
2478,Lake,43,6507
2479,Lauderdale,43,24793
2480,Lawrence,43,45415
2481,Lewis,43,12957
2482,Lincoln,43,36004
2483,Loudon,43,58181
2484,McMinn,43,54719
2485,McNairy,43,25988
2486,Macon,43,26229
2487,Madison,43,99245
2488,Marion,43,29094
2489,Marshall,43,35878
2490,Maury,43,108159
2491,Meigs,43,13272
2492,Monroe,43,47740
2493,Montgomery,43,235201
2494,Moore,43,6742
2495,Morgan,43,21224
2496,Obion,43,30394
2497,Overton,43,23044
2498,Perry,43,8685
2499,Pickett,43,5107
2500,Polk,43,17863
2501,Putnam,43,82382
2502,Rhea,43,33730
2503,Roane,43,55082
2504,Robertson,43,75470
2505,Rutherford,43,360619
2506,Scott,43,22035
2507,Sequatchie,43,16909
2508,Sevier,43,98789
2509,Shelby,43,916371
2510,Smith,43,20489
2511,Stewart,43,14035
2512,Sullivan,43,160820
2513,Sumner,43,203858
2514,Tipton,43,61656
2515,Trousdale,43,12111
2516,Unicoi,43,17674
2517,Union,43,20452
2518,Van Buren,43,6429
2519,Warren,43,42026
2520,Washington,43,136172
2521,Wayne,43,16308
2522,Weakley,43,33063
2523,White,43,28064
2524,Williamson,43,260815
2525,Wilson,43,158555
2526,Anderson,44,58064
2527,Andrews,44,18334
2528,Angelina,44,87101
2529,Aransas,44,24944
2530,Archer,44,8835
2531,Armstrong,44,1850
2532,Atascosa,44,50864
2533,Austin,44,31097
2534,Bailey,44,6779
2535,Bandera,44,22115
2536,Bastrop,44,106188
2537,Baylor,44,3466
2538,Bee,44,30394
2539,Bell,44,388386
2540,Bexar,44,2059530
2541,Blanco,44,12418
2542,Borden,44,585
2543,Bosque,44,18697
2544,Bowie,44,92035
2545,Brazoria,44,388181
2546,Brazos,44,242014
2547,Brewster,44,9343
2548,Briscoe,44,1431
2549,Brooks,44,6906
2550,Brown,44,38373
2551,Burleson,44,18657
2552,Burnet,44,52502
2553,Caldwell,44,47848
2554,Calhoun,44,19706
2555,Callahan,44,14210
2556,Cameron,44,425208
2557,Camp,44,12716
2558,Carson,44,5784
2559,Cass,44,28539
2560,Castro,44,7298
2561,Chambers,44,51288
2562,Cherokee,44,51645
2563,Childress,44,6809
2564,Clay,44,10486
2565,Cochran,44,2526
2566,Coke,44,3333
2567,Coleman,44,7850
2568,Collin,44,1158696
2569,Collingsworth,44,2568
2570,Colorado,44,20754
2571,Comal,44,184642
2572,Comanche,44,13878
2573,Concho,44,3340
2574,Cooke,44,43050
2575,Coryell,44,85057
2576,Cottle,44,1307
2577,Crane,44,4546
2578,Crockett,44,2943
2579,Crosby,44,4998
2580,Culberson,44,2155
2581,Dallam,44,7241
2582,Dallas,44,2600840
2583,Dawson,44,12130
2584,Deaf Smith,44,18377
2585,Delta,44,5406
2586,Denton,44,977281
2587,DeWitt,44,19772
2588,Dickens,44,1726
2589,Dimmit,44,8387
2590,Donley,44,3339
2591,Duval,44,9888
2592,Eastland,44,17944
2593,Ector,44,160869
2594,Edwards,44,1422
2595,Ellis,44,212182
2596,El Paso,44,868763
2597,Erath,44,43895
2598,Falls,44,17049
2599,Fannin,44,37125
2600,Fayette,44,24913
2601,Fisher,44,3622
2602,Floyd,44,5235
2603,Foard,44,1057
2604,Fort Bend,44,889146
2605,Franklin,44,10618
2606,Freestone,44,19950
2607,Frio,44,17815
2608,Gaines,44,22181
2609,Galveston,44,357117
2610,Garza,44,6262
2611,Gillespie,44,27477
2612,Glasscock,44,1164
2613,Goliad,44,7131
2614,Gonzales,44,19832
2615,Gray,44,21015
2616,Grayson,44,143131
2617,Gregg,44,125443
2618,Grimes,44,30754
2619,Guadalupe,44,182760
2620,Hale,44,31827
2621,Hall,44,2810
2622,Hamilton,44,8298
2623,Hansford,44,5151
2624,Hardeman,44,3516
2625,Hardin,44,57811
2626,Harris,44,4780913
2627,Harrison,44,69955
2628,Hartley,44,5208
2629,Haskell,44,5403
2630,Hays,44,269225
2631,Hemphill,44,3217
2632,Henderson,44,84511
2633,Hidalgo,44,888367
2634,Hill,44,37329
2635,Hockley,44,21161
2636,Hood,44,66373
2637,Hopkins,44,37804
2638,Houston,44,21950
2639,Howard,44,33672
2640,Hudspeth,44,3432
2641,Hunt,44,108282
2642,Hutchinson,44,20215
2643,Irion,44,1530
2644,Jack,44,8922
2645,Jackson,44,15142
2646,Jasper,44,32484
2647,Jeff Davis,44,1903
2648,Jefferson,44,250830
2649,Jim Hogg,44,4763
2650,Jim Wells,44,38826
2651,Johnson,44,195506
2652,Jones,44,19935
2653,Karnes,44,14836
2654,Kaufman,44,172366
2655,Kendall,44,48973
2656,Kenedy,44,358
2657,Kent,44,740
2658,Kerr,44,53741
2659,Kimble,44,4422
2660,King,44,233
2661,Kinney,44,3128
2662,Kleberg,44,30362
2663,Knox,44,3273
2664,Lamar,44,50484
2665,Lamb,44,12724
2666,Lampasas,44,22785
2667,La Salle,44,6604
2668,Lavaca,44,20589
2669,Lee,44,17954
2670,Leon,44,16209
2671,Liberty,44,101992
2672,Limestone,44,22253
2673,Lipscomb,44,2854
2674,Live Oak,44,11428
2675,Llano,44,22540
2676,Loving,44,51
2677,Lubbock,44,317561
2678,Lynn,44,5724
2679,McCulloch,44,7497
2680,McLennan,44,266836
2681,McMullen,44,576
2682,Madison,44,13661
2683,Marion,44,9560
2684,Martin,44,5217
2685,Mason,44,3982
2686,Matagorda,44,36125
2687,Maverick,44,57843
2688,Medina,44,53723
2689,Menard,44,1968
2690,Midland,44,171999
2691,Milam,44,25628
2692,Mills,44,4500
2693,Mitchell,44,8943
2694,Montague,44,21063
2695,Montgomery,44,678490
2696,Moore,44,20996
2697,Morris,44,12083
2698,Motley,44,1032
2699,Nacogdoches,44,64862
2700,Navarro,44,54636
2701,Newton,44,12052
2702,Nolan,44,14473
2703,Nueces,44,351674
2704,Ochiltree,44,9606
2705,Oldham,44,1752
2706,Orange,44,84934
2707,Palo Pinto,44,29239
2708,Panola,44,22677
2709,Parker,44,165834
2710,Parmer,44,9620
2711,Pecos,44,14735
2712,Polk,44,53255
2713,Potter,44,115645
2714,Presidio,44,5939
2715,Rains,44,12823
2716,Randall,44,146140
2717,Reagan,44,3135
2718,Real,44,2840
2719,Red River,44,11542
2720,Reeves,44,12905
2721,Refugio,44,6632
2722,Roberts,44,803
2723,Robertson,44,17153
2724,Rockwall,44,123208
2725,Runnels,44,9859
2726,Rusk,44,53333
2727,Sabine,44,10048
2728,San Augustine,44,7857
2729,San Jacinto,44,28348
2730,San Patricio,44,69954
2731,San Saba,44,5824
2732,Schleicher,44,2357
2733,Scurry,44,16686
2734,Shackelford,44,3186
2735,Shelby,44,24008
2736,Sherman,44,2799
2737,Smith,44,241922
2738,Somervell,44,9757
2739,Starr,44,65728
2740,Stephens,44,9390
2741,Sterling,44,1417
2742,Stonewall,44,1182
2743,Sutton,44,3217
2744,Swisher,44,6881
2745,Tarrant,44,2154595
2746,Taylor,44,145163
2747,Terrell,44,693
2748,Terry,44,11567
2749,Throckmorton,44,1550
2750,Titus,44,31208
2751,Tom Green,44,118892
2752,Travis,44,1326436
2753,Trinity,44,13996
2754,Tyler,44,20030
2755,Upshur,44,42488
2756,Upton,44,3152
2757,Uvalde,44,24940
2758,Val Verde,44,47606
2759,Van Zandt,44,62859
2760,Victoria,44,91065
2761,Walker,44,78870
2762,Waller,44,61894
2763,Ward,44,10964
2764,Washington,44,36159
2765,Webb,44,267780
2766,Wharton,44,41824
2767,Wheeler,44,4807
2768,Wichita,44,129978
2769,Wilbarger,44,12491
2770,Willacy,44,20143
2771,Williamson,44,671418
2772,Wilson,44,52735
2773,Winkler,44,7306
2774,Wise,44,74895
2775,Wood,44,46857
2776,Yoakum,44,7451
2777,Young,44,17962
2778,Zapata,44,13849
2779,Zavala,44,9377
2780,Beaver,45,7327
2781,Box Elder,45,61498
2782,Cache,45,140173
2783,Carbon,45,20571
2784,Daggett,45,1014
2785,Davis,45,369948
2786,Duchesne,45,20161
2787,Emery,45,10099
2788,Garfield,45,5281
2789,Grand,45,9769
2790,Iron,45,62429
2791,Juab,45,12567
2792,Kane,45,8227
2793,Millard,45,13330
2794,Morgan,45,12832
2795,Piute,45,1487
2796,Rich,45,2628
2797,Salt Lake,45,1186257
2798,San Juan,45,14359
2799,Sanpete,45,29724
2800,Sevier,45,22069
2801,Summit,45,43036
2802,Tooele,45,79934
2803,Uintah,45,37141
2804,Utah,45,702434
2805,Wasatch,45,36619
2806,Washington,45,197680
2807,Wayne,45,2645
2808,Weber,45,269561
2809,Addison,46,37578
2810,Bennington,46,37392
2811,Caledonia,46,30579
2812,Chittenden,46,169301
2813,Essex,46,5994
2814,Franklin,46,50731
2815,Grand Isle,46,7489
2816,Lamoille,46,26090
2817,Orange,46,29846
2818,Orleans,46,27666
2819,Rutland,46,60366
2820,Washington,46,60048
2821,Windham,46,45842
2822,Windsor,46,58142
2823,Accomack,47,33191
2824,Albemarle,47,114534
2825,Alleghany,47,14835
2826,Amelia,47,13455
2827,Amherst,47,31589
2828,Appomattox,47,16748
2829,Arlington,47,234000
2830,Augusta,47,78064
2831,Bath,47,4049
2832,Bedford,47,80848
2833,Bland,47,6148
2834,Botetourt,47,34135
2835,Brunswick,47,15921
2836,Buchanan,47,19352
2837,Buckingham,47,16982
2838,Campbell,47,55141
2839,Caroline,47,31957
2840,Carroll,47,29147
2841,Charles City,47,6605
2842,Charlotte,47,11475
2843,Chesterfield,47,378408
2844,Clarke,47,15266
2845,Craig,47,4847
2846,Culpeper,47,54381
2847,Cumberland,47,9746
2848,Dickenson,47,13725
2849,Dinwiddie,47,28161
2850,Essex,47,10630
2851,Fairfax,47,1138331
2852,Fauquier,47,74664
2853,Floyd,47,15619
2854,Fluvanna,47,28159
2855,Franklin,47,55074
2856,Frederick,47,95051
2857,Giles,47,16453
2858,Gloucester,47,39493
2859,Goochland,47,26109
2860,Grayson,47,15343
2861,Greene,47,21107
2862,Greensville,47,11226
2863,Halifax,47,33644
2864,Hanover,47,112938
2865,Henrico,47,333962
2866,Henry,47,49906
2867,Highland,47,2301
2868,Isle of Wight,47,40151
2869,James City,47,81199
2870,King and Queen,47,6718
2871,King George,47,27856
2872,King William,47,18492
2873,Lancaster,47,10750
2874,Lee,47,21982
2875,Loudoun,47,432085
2876,Louisa,47,40116
2877,Lunenburg,47,12031
2878,Madison,47,14000
2879,Mathews,47,8490
2880,Mecklenburg,47,30508
2881,Middlesex,47,10943
2882,Montgomery,47,98915
2883,Nelson,47,14652
2884,New Kent,47,24986
2885,Northampton,47,11900
2886,Northumberland,47,12302
2887,Nottoway,47,15559
2888,Orange,47,37991
2889,Page,47,23750
2890,Patrick,47,17643
2891,Pittsylvania,47,59952
2892,Powhatan,47,31489
2893,Prince Edward,47,21927
2894,Prince George,47,43134
2895,Prince William,47,486943
2896,Pulaski,47,33706
2897,Rappahannock,47,7502
2898,Richmond,47,9080
2899,Roanoke,47,96914
2900,Rockbridge,47,22593
2901,Rockingham,47,85397
2902,Russell,47,25448
2903,Scott,47,21476
2904,Shenandoah,47,44968
2905,Smyth,47,29449
2906,Southampton,47,17932
2907,Spotsylvania,47,146688
2908,Stafford,47,163380
2909,Surry,47,6527
2910,Sussex,47,10680
2911,Tazewell,47,39821
2912,Warren,47,41440
2913,Washington,47,53958
2914,Westmoreland,47,18712
2915,Wise,47,35421
2916,Wythe,47,28111
2917,York,47,71341
2918,Alexandria city,47,155525
2919,Bristol city,47,16975
2920,Buena Vista city,47,6591
2921,Charlottesville city,47,45373
2922,Chesapeake city,47,252488
2923,Colonial Heights city,47,18294
2924,Covington city,47,5679
2925,Danville city,47,42229
2926,Emporia city,47,5481
2927,Fairfax city,47,24835
2928,Falls Church city,47,14586
2929,Franklin city,47,8247
2930,Fredericksburg city,47,28757
2931,Galax city,47,6730
2932,Hampton city,47,138037
2933,Harrisonburg city,47,51158
2934,Hopewell city,47,22962
2935,Lexington city,47,7457
2936,Lynchburg city,47,79287
2937,Manassas city,47,42642
2938,Manassas Park city,47,16703
2939,Martinsville city,47,13725
2940,Newport News city,47,184306
2941,Norfolk city,47,232995
2942,Norton city,47,3609
2943,Petersburg city,47,33394
2944,Poquoson city,47,12582
2945,Portsmouth city,47,97029
2946,Radford city,47,16738
2947,Richmond city,47,229395
2948,Roanoke city,47,97847
2949,Salem city,47,25523
2950,Staunton city,47,25904
2951,Suffolk city,47,98537
2952,Virginia Beach city,47,455618
2953,Waynesboro city,47,22808
2954,Williamsburg city,47,15909
2955,Winchester city,47,27936
2956,Adams,48,20961
2957,Asotin,48,22508
2958,Benton,48,212791
2959,Chelan,48,79926
2960,Clallam,48,77805
2961,Clark,48,516779
2962,Columbia,48,4026
2963,Cowlitz,48,111956
2964,Douglas,48,44192
2965,Ferry,48,7448
2966,Franklin,48,98678
2967,Garfield,48,2363
2968,Grant,48,101311
2969,Grays Harbor,48,77038
2970,Island,48,86625
2971,Jefferson,48,33589
2972,King,48,2266789
2973,Kitsap,48,277673
2974,Kittitas,48,45189
2975,Klickitat,48,23271
2976,Lewis,48,85370
2977,Lincoln,48,11601
2978,Mason,48,68166
2979,Okanogan,48,43127
2980,Pacific,48,24113
2981,Pend Oreille,48,14179
2982,Pierce,48,927380
2983,San Juan,48,18662
2984,Skagit,48,131179
2985,Skamania,48,12460
2986,Snohomish,48,840079
2987,Spokane,48,549690
2988,Stevens,48,48229
2989,Thurston,48,298758
2990,Wahkiakum,48,4688
2991,Walla Walla,48,61890
2992,Whatcom,48,230677
2993,Whitman,48,47619
2994,Yakima,48,257001
2995,Barbour,49,15414
2996,Berkeley,49,129490
2997,Boone,49,20968
2998,Braxton,49,12185
2999,Brooke,49,21733
3000,Cabell,49,92730
3001,Calhoun,49,6068
3002,Clay,49,7814
3003,Doddridge,49,7698
3004,Fayette,49,39487
3005,Gilmer,49,7325
3006,Grant,49,10968
3007,Greenbrier,49,32435
3008,Hampshire,49,23468
3009,Hancock,49,28172
3010,Hardy,49,14192
3011,Harrison,49,64915
3012,Jackson,49,27716
3013,Jefferson,49,58979
3014,Kanawha,49,175515
3015,Lewis,49,16767
3016,Lincoln,49,19901
3017,Logan,49,31316
3018,McDowell,49,17850
3019,Marion,49,55952
3020,Marshall,49,29752
3021,Mason,49,25000
3022,Mercer,49,58700
3023,Mineral,49,26855
3024,Mingo,49,22573
3025,Monongalia,49,106869
3026,Monroe,49,12296
3027,Morgan,49,17430
3028,Nicholas,49,24335
3029,Ohio,49,41447
3030,Pendleton,49,6011
3031,Pleasants,49,7586
3032,Pocahontas,49,7819
3033,Preston,49,34172
3034,Putnam,49,57015
3035,Raleigh,49,72882
3036,Randolph,49,27600
3037,Ritchie,49,8207
3038,Roane,49,13834
3039,Summers,49,11762
3040,Taylor,49,16342
3041,Tucker,49,6568
3042,Tyler,49,8183
3043,Upshur,49,23712
3044,Wayne,49,37998
3045,Webster,49,8167
3046,Wetzel,49,14025
3047,Wirt,49,5091
3048,Wood,49,83340
3049,Wyoming,49,20527
3050,Adams,50,21226
3051,Ashland,50,16039
3052,Barron,50,46843
3053,Bayfield,50,16608
3054,Brown,50,270036
3055,Buffalo,50,13391
3056,Burnett,50,17036
3057,Calumet,50,52718
3058,Chippewa,50,66807
3059,Clark,50,34691
3060,Columbia,50,58193
3061,Crawford,50,16007
3062,Dane,50,568203
3063,Dodge,50,88282
3064,Door,50,30526
3065,Douglas,50,44144
3066,Dunn,50,45651
3067,Eau Claire,50,106837
3068,Florence,50,4688
3069,Fond du Lac,50,103836
3070,Forest,50,9381
3071,Grant,50,51276
3072,Green,50,36816
3073,Green Lake,50,19220
3074,Iowa,50,23865
3075,Iron,50,6224
3076,Jackson,50,20836
3077,Jefferson,50,85784
3078,Juneau,50,26866
3079,Kenosha,50,167817
3080,Kewaunee,50,20623
3081,La Crosse,50,120294
3082,Lafayette,50,16877
3083,Langlade,50,19559
3084,Lincoln,50,28376
3085,Manitowoc,50,81172
3086,Marathon,50,137958
3087,Marinette,50,41988
3088,Marquette,50,15779
3089,Menominee,50,4197
3090,Milwaukee,50,918661
3091,Monroe,50,46109
3092,Oconto,50,39633
3093,Oneida,50,38212
3094,Outagamie,50,192127
3095,Ozaukee,50,93009
3096,Pepin,50,7410
3097,Pierce,50,42532
3098,Polk,50,45709
3099,Portage,50,70718
3100,Price,50,14179
3101,Racine,50,195846
3102,Richland,50,17090
3103,Rock,50,164060
3104,Rusk,50,14186
3105,St Croix,50,96017
3106,Sauk,50,65777
3107,Sawyer,50,18559
3108,Shawano,50,40886
3109,Sheboygan,50,117841
3110,Taylor,50,19975
3111,Trempealeau,50,30899
3112,Vernon,50,31060
3113,Vilas,50,23763
3114,Walworth,50,105380
3115,Washburn,50,16911
3116,Washington,50,137688
3117,Waukesha,50,410434
3118,Waupaca,50,51488
3119,Waushara,50,24999
3120,Winnebago,50,170718
3121,Wood,50,73993
3122,Albany,51,38031
3123,Big Horn,51,11855
3124,Campbell,51,47058
3125,Carbon,51,14542
3126,Converse,51,13786
3127,Crook,51,7448
3128,Fremont,51,39472
3129,Goshen,51,12562
3130,Hot Springs,51,4588
3131,Johnson,51,8730
3132,Laramie,51,100723
3133,Lincoln,51,20660
3134,Natrona,51,79601
3135,Niobrara,51,2380
3136,Park,51,30518
3137,Platte,51,8645
3138,Sheridan,51,32096
3139,Sublette,51,8763
3140,Sweetwater,51,41345
3141,Teton,51,23287
3142,Uinta,51,20712
3143,Washakie,51,7719
3144,Weston,51,6860
